line_id,npc_id,locale,text,asset_id,emotion,status,source_record_id
npc_bay_cho.greet,npc_bay_cho,vi,Có mẻ cá mới hả? Thúng ở đây nè.,vo_dialogue_bay_cho_vi,neutral_warm,script_ready,
npc_bay_cho.greet,npc_bay_cho,en,Fresh catch? The basket is here.,vo_dialogue_bay_cho_en,neutral_warm,script_ready,
npc_bay_cho.no_money,npc_bay_cho,vi,Cứ câu bằng mồi miễn phí rồi quay lại nha.,vo_dialogue_bay_cho_vi,neutral_warm,script_ready,
npc_bay_cho.no_money,npc_bay_cho,en,You can fish with free bait and come back.,vo_dialogue_bay_cho_en,neutral_warm,script_ready,
npc_bay_cho.no_sell,npc_bay_cho,vi,Giữ món đó để làm việc đã nha.,vo_dialogue_bay_cho_vi,neutral_warm,script_ready,
npc_bay_cho.no_sell,npc_bay_cho,en,Please keep that for your task.,vo_dialogue_bay_cho_en,neutral_warm,script_ready,
npc_bay_cho.thanks_bad,npc_bay_cho,vi,Mẻ nhỏ cũng quý mà.,vo_dialogue_bay_cho_vi,neutral_warm,script_ready,
npc_bay_cho.thanks_bad,npc_bay_cho,en,A small catch still counts.,vo_dialogue_bay_cho_en,neutral_warm,script_ready,
npc_bay_cho.thanks_good,npc_bay_cho,vi,Mẻ này đẹp đó. Quỹ sửa bến lại thêm một chút.,vo_dialogue_bay_cho_vi,neutral_warm,script_ready,
npc_bay_cho.thanks_good,npc_bay_cho,en,A fine catch. That will help the pier fund.,vo_dialogue_bay_cho_en,neutral_warm,script_ready,
npc_chi_lan.done,npc_chi_lan,vi,"Bến mở lại rồi. Các điểm câu vẫn mở, cứ thong thả chơi nha.",vo_dialogue_chi_lan_vi,neutral_warm,script_ready,
npc_chi_lan.done,npc_chi_lan,en,The pier is open again. The fishing spots are yours to enjoy.,vo_dialogue_chi_lan_en,neutral_warm,script_ready,
npc_chi_lan.greet,npc_chi_lan,vi,Hội câu của xã góp nốt kinh phí sửa bến đó.,vo_dialogue_chi_lan_vi,neutral_warm,script_ready,
npc_chi_lan.greet,npc_chi_lan,en,The village fishing day will help pay for the last pier repairs.,vo_dialogue_chi_lan_en,neutral_warm,script_ready,
npc_chi_lan.quest_boss,npc_chi_lan,vi,Bớp Mũi Đá là thử thách cuối. Chụp ảnh xong mình thả nó đi nha.,vo_dialogue_chi_lan_vi,neutral_warm,script_ready,
npc_chi_lan.quest_boss,npc_chi_lan,en,Cape Cobia is the final challenge. Take a photo and let it go afterwards.,vo_dialogue_chi_lan_en,neutral_warm,script_ready,
npc_chi_lan.quest_prep,npc_chi_lan,vi,Mang bốn con cá nục cho bếp chung. Chị chuẩn bị mồi hội câu cho.,vo_dialogue_chi_lan_vi,neutral_warm,script_ready,
npc_chi_lan.quest_prep,npc_chi_lan,en,Bring four scad for the community kitchen. I will prepare your festival bait.,vo_dialogue_chi_lan_en,neutral_warm,script_ready,
npc_chi_lan.refill,npc_chi_lan,vi,Thêm hộp mồi đây. Hội câu là để cùng nhau thử mà.,vo_dialogue_chi_lan_vi,neutral_warm,script_ready,
npc_chi_lan.refill,npc_chi_lan,en,Another bait pack. The contest is about trying together.,vo_dialogue_chi_lan_en,neutral_warm,script_ready,
npc_co_ba.gift_slipper,npc_co_ba,vi,"Nè, đôi dép dự phòng của cô. Nhắm đầu mà chọi.",vo_dialogue_co_ba_vi,neutral_warm,script_ready,
npc_co_ba.gift_slipper,npc_co_ba,en,"Here, my spare flip-flops. Aim for the head.",vo_dialogue_co_ba_en,neutral_warm,script_ready,
npc_co_ba.greet,npc_co_ba,vi,Cá tươi hả? Quăng vô thúng đi con.,vo_dialogue_co_ba_vi,neutral_warm,script_ready,
npc_co_ba.greet,npc_co_ba,en,Fresh fish? Toss it in the basket.,vo_dialogue_co_ba_en,neutral_warm,script_ready,
npc_co_ba.no_money,npc_co_ba,vi,"Tiền trước, khách ơi!",vo_dialogue_co_ba_vi,neutral_warm,script_ready,
npc_co_ba.no_money,npc_co_ba,en,"Money first, dear customer!",vo_dialogue_co_ba_en,neutral_warm,script_ready,
npc_co_ba.no_sell,npc_co_ba,vi,Cái này cô không mua đâu.,vo_dialogue_co_ba_vi,neutral_warm,script_ready,
npc_co_ba.no_sell,npc_co_ba,en,That's not something I buy.,vo_dialogue_co_ba_en,neutral_warm,script_ready,
npc_co_ba.thanks_bad,npc_co_ba,vi,...Thôi cô lấy. Miễn cưỡng.,vo_dialogue_co_ba_vi,neutral_warm,script_ready,
npc_co_ba.thanks_bad,npc_co_ba,en,...I'll take it. Barely.,vo_dialogue_co_ba_en,neutral_warm,script_ready,
npc_co_ba.thanks_good,npc_co_ba,vi,"Ui, hàng ngon nha!",vo_dialogue_co_ba_vi,neutral_warm,script_ready,
npc_co_ba.thanks_good,npc_co_ba,en,"Ooh, premium stuff!",vo_dialogue_co_ba_en,neutral_warm,script_ready,
npc_co_tam.greet,npc_co_tam,vi,Có mẻ cá mới hả? Thúng ở đây nè.,vo_dialogue_co_tam_vi,neutral_warm,script_ready,
npc_co_tam.greet,npc_co_tam,en,Fresh catch? The basket is here.,vo_dialogue_co_tam_en,neutral_warm,script_ready,
npc_co_tam.no_money,npc_co_tam,vi,Cứ câu bằng mồi miễn phí rồi quay lại nha.,vo_dialogue_co_tam_vi,neutral_warm,script_ready,
npc_co_tam.no_money,npc_co_tam,en,You can fish with free bait and come back.,vo_dialogue_co_tam_en,neutral_warm,script_ready,
npc_co_tam.no_sell,npc_co_tam,vi,Giữ món đó để làm việc đã nha.,vo_dialogue_co_tam_vi,neutral_warm,script_ready,
npc_co_tam.no_sell,npc_co_tam,en,Please keep that for your task.,vo_dialogue_co_tam_en,neutral_warm,script_ready,
npc_co_tam.thanks_bad,npc_co_tam,vi,Mẻ nhỏ cũng quý mà.,vo_dialogue_co_tam_vi,neutral_warm,script_ready,
npc_co_tam.thanks_bad,npc_co_tam,en,A small catch still counts.,vo_dialogue_co_tam_en,neutral_warm,script_ready,
npc_co_tam.thanks_good,npc_co_tam,vi,Mẻ này đẹp đó. Quỹ sửa bến lại thêm một chút.,vo_dialogue_co_tam_vi,neutral_warm,script_ready,
npc_co_tam.thanks_good,npc_co_tam,en,A fine catch. That will help the pier fund.,vo_dialogue_co_tam_en,neutral_warm,script_ready,
npc_nam_sau.done,npc_nam_sau,vi,Khảo sát xong. Đò ra mũi đá chạy lại được rồi.,vo_dialogue_nam_sau_vi,neutral_warm,script_ready,
npc_nam_sau.done,npc_nam_sau,en,Survey finished. The ferry can reach the cape again.,vo_dialogue_nam_sau_en,neutral_warm,script_ready,
npc_nam_sau.greet,npc_nam_sau,vi,Triều đổi làm bãi bùn xê dịch. Mình kiểm tra lạch trước khi mở lại đò.,vo_dialogue_nam_sau_vi,neutral_warm,script_ready,
npc_nam_sau.greet,npc_nam_sau,en,The tide shifted the mud bank. We are checking the creek before reopening the ferry.,vo_dialogue_nam_sau_en,neutral_warm,script_ready,
npc_nam_sau.quest_boss,npc_nam_sau,vi,Cua Cụ hay nấp cạnh cọc mốc. Thử hộp mồi cua này đi.,vo_dialogue_nam_sau_vi,neutral_warm,script_ready,
npc_nam_sau.quest_boss,npc_nam_sau,en,Old Mud Crab keeps sheltering beside the marker. Try this crab mix.,vo_dialogue_nam_sau_en,neutral_warm,script_ready,
npc_nam_sau.quest_prep,npc_nam_sau,vi,Mang bốn con thòi lòi để khảo sát lạch. Ghi nhận rồi thả lại nha.,vo_dialogue_nam_sau_vi,neutral_warm,script_ready,
npc_nam_sau.quest_prep,npc_nam_sau,en,Bring four mudskippers for the creek survey. Then we will release them.,vo_dialogue_nam_sau_en,neutral_warm,script_ready,
npc_nam_sau.refill,npc_nam_sau,vi,Mồi cua mới đây. Không cần trả tiền.,vo_dialogue_nam_sau_vi,neutral_warm,script_ready,
npc_nam_sau.refill,npc_nam_sau,en,Fresh crab mix. No need to pay.,vo_dialogue_nam_sau_en,neutral_warm,script_ready,
npc_ong_tu.done,npc_ong_tu,vi,Ghi nhận xong! Đò sang lạch dừa đã sẵn sàng rồi.,vo_dialogue_ong_tu_vi,neutral_warm,script_ready,
npc_ong_tu.done,npc_ong_tu,en,Catch recorded! The ferry to the coconut creek is ready.,vo_dialogue_ong_tu_en,neutral_warm,script_ready,
npc_ong_tu.greet,npc_ong_tu,vi,"Đợt nước lớn làm hư bến rồi. Góp vài mẻ cá, bà con mình sửa lại thôi.",vo_dialogue_ong_tu_vi,neutral_warm,script_ready,
npc_ong_tu.greet,npc_ong_tu,en,The flood damaged our pier. A few good catches will get the village moving again.,vo_dialogue_ong_tu_en,neutral_warm,script_ready,
npc_ong_tu.quest_boss,npc_ong_tu,vi,Thử câu Lóc Già ở cọc đỏ. Ghi nhận xong mình thả nó về nước.,vo_dialogue_ong_tu_vi,neutral_warm,script_ready,
npc_ong_tu.quest_boss,npc_ong_tu,en,Try the red post for Old Snakehead. We will record the catch and release it.,vo_dialogue_ong_tu_en,neutral_warm,script_ready,
npc_ong_tu.quest_lunch,npc_ong_tu,vi,Mang ba con cá rô cho đội sửa bến. Tui có hộp mồi cá tạp cho bạn.,vo_dialogue_ong_tu_vi,neutral_warm,script_ready,
npc_ong_tu.quest_lunch,npc_ong_tu,en,Bring three perch for the repair crew. I have some chopped bait for you.,vo_dialogue_ong_tu_en,neutral_warm,script_ready,
npc_ong_tu.refill,npc_ong_tu,vi,Mồi thay đây. Mình thử lại được mà.,vo_dialogue_ong_tu_vi,neutral_warm,script_ready,
npc_ong_tu.refill,npc_ong_tu,en,Here is replacement bait. We can try again.,vo_dialogue_ong_tu_en,neutral_warm,script_ready,
